Ref,Val,Package,PosX,PosY,Rot,Side
"C1","C_0805_2012Metric","C_0805_2012Metric",174.000000,-53.000000,90.000000,top
"C2","C_0805_2012Metric","C_0805_2012Metric",174.000000,-59.000000,90.000000,top
"C3","C_0603_1608Metric","C_0603_1608Metric",169.000000,-59.000000,90.000000,top
"C4","C_0603_1608Metric","C_0603_1608Metric",175.000000,-65.000000,90.000000,top
"C5","C_0402_1005Metric","C_0402_1005Metric",166.900000,-58.000000,90.000000,top
"C6","C_0402_1005Metric","C_0402_1005Metric",168.100000,-74.000000,90.000000,top
"C7","C_0402_1005Metric","C_0402_1005Metric",168.100000,-88.000000,90.000000,top
"C8","C_0402_1005Metric","C_0402_1005Metric",155.900000,-118.500000,0.000000,top
"C9","C_0402_1005Metric","C_0402_1005Metric",167.000000,-118.500000,0.000000,top
"C10","C_0402_1005Metric","C_0402_1005Metric",172.500000,-109.000000,90.000000,top
"C11","C_0402_1005Metric","C_0402_1005Metric",168.100000,-65.500000,90.000000,top
"C12","C_0402_1005Metric","C_0402_1005Metric",168.100000,-81.500000,90.000000,top
"C15","C_0402_1005Metric","C_0402_1005Metric",169.000000,-108.000000,0.000000,top
"D1","LED_0603_1608Metric","LED_0603_1608Metric",155.000000,-53.000000,0.000000,top
"D2","SOT-23-6","SOT-23-6",154.000000,-122.500000,0.000000,top
"FID1","Fiducial_1mm_Mask2mm","Fiducial_1mm_Mask2mm",49.000000,-50.000000,0.000000,top
"FID2","Fiducial_1mm_Mask2mm","Fiducial_1mm_Mask2mm",169.500000,-42.300000,0.000000,top
"FID3","Fiducial_1mm_Mask2mm","Fiducial_1mm_Mask2mm",49.000000,-121.000000,0.000000,top
"J1","USB_C_Receptacle_HRO_TYPE-C-31-M-12","USB_C_Receptacle_HRO_TYPE-C-31-M-12",164.000000,-127.750000,0.000000,top
"J2","TerminalBlock_Phoenix_MPT-0,5-2-2.54_1x02_P2.54mm_Horizontal","TerminalBlock_Phoenix_MPT-0,5-2-2.54_1x02_P2.54mm_Horizontal",79.000000,-45.000000,90.000000,top
"J3","TerminalBlock_Phoenix_MPT-0,5-2-2.54_1x02_P2.54mm_Horizontal","TerminalBlock_Phoenix_MPT-0,5-2-2.54_1x02_P2.54mm_Horizontal",79.000000,-53.000000,90.000000,top
"J4","TerminalBlock_Phoenix_MPT-0,5-2-2.54_1x02_P2.54mm_Horizontal","TerminalBlock_Phoenix_MPT-0,5-2-2.54_1x02_P2.54mm_Horizontal",119.000000,-45.000000,-90.000000,top
"J5","TerminalBlock_Phoenix_MPT-0,5-2-2.54_1x02_P2.54mm_Horizontal","TerminalBlock_Phoenix_MPT-0,5-2-2.54_1x02_P2.54mm_Horizontal",119.000000,-53.000000,-90.000000,top
"J6","BNC_Amphenol_B6252HB-NPP3G-50_Horizontal","BNC_Amphenol_B6252HB-NPP3G-50_Horizontal",64.000000,-117.300000,180.000000,top
"J7","BNC_Amphenol_B6252HB-NPP3G-50_Horizontal","BNC_Amphenol_B6252HB-NPP3G-50_Horizontal",84.000000,-117.300000,180.000000,top
"J8","PinHeader_1x05_P1.27mm_Vertical","PinHeader_1x05_P1.27mm_Vertical",164.000000,-45.000000,0.000000,top
"J9","BNC_Amphenol_B6252HB-NPP3G-50_Horizontal","BNC_Amphenol_B6252HB-NPP3G-50_Horizontal",104.000000,-117.300000,180.000000,top
"K1","G6K-2F-RF-S","Relay_Omron_G6K-2F-RF-S",58.500000,-72.000000,0.000000,top
"K2","G6K-2F-RF-S","Relay_Omron_G6K-2F-RF-S",58.500000,-84.000000,0.000000,top
"K3","G6K-2F-RF-S","Relay_Omron_G6K-2F-RF-S",58.500000,-96.000000,0.000000,top
"K4","G6K-2F-RF-S","Relay_Omron_G6K-2F-RF-S",80.500000,-72.000000,0.000000,top
"K5","G6K-2F-RF-S","Relay_Omron_G6K-2F-RF-S",80.500000,-84.000000,0.000000,top
"K6","G6K-2F-RF-S","Relay_Omron_G6K-2F-RF-S",80.500000,-96.000000,0.000000,top
"K7","G6K-2F-RF-S","Relay_Omron_G6K-2F-RF-S",124.500000,-72.000000,0.000000,top
"K8","G6K-2F-RF-S","Relay_Omron_G6K-2F-RF-S",124.500000,-84.000000,0.000000,top
"K9","G6K-2F-RF-S","Relay_Omron_G6K-2F-RF-S",124.500000,-96.000000,0.000000,top
"K10","G6K-2F-RF-S","Relay_Omron_G6K-2F-RF-S",146.500000,-72.000000,0.000000,top
"K11","G6K-2F-RF-S","Relay_Omron_G6K-2F-RF-S",146.500000,-84.000000,0.000000,top
"K12","G6K-2F-RF-S","Relay_Omron_G6K-2F-RF-S",146.500000,-96.000000,0.000000,top
"K13","G6K-2F-RF-S","Relay_Omron_G6K-2F-RF-S",102.500000,-72.000000,0.000000,top
"K14","G6K-2F-RF-S","Relay_Omron_G6K-2F-RF-S",102.500000,-84.000000,180.000000,top
"K15","G6K-2F-RF-S","Relay_Omron_G6K-2F-RF-S",70.000000,-46.100000,180.000000,top
"K16","G6K-2F-RF-S","Relay_Omron_G6K-2F-RF-S",70.000000,-57.700000,180.000000,top
"K17","G6K-2F-RF-S","Relay_Omron_G6K-2F-RF-S",128.000000,-46.100000,0.000000,top
"K18","G6K-2F-RF-S","Relay_Omron_G6K-2F-RF-S",128.000000,-57.800000,0.000000,top
"R1","R_0402_1005Metric","R_0402_1005Metric",150.000000,-119.000000,0.000000,top
"R2","R_0402_1005Metric","R_0402_1005Metric",150.000000,-122.000000,0.000000,top
"R3","R_0402_1005Metric","R_0402_1005Metric",169.000000,-105.000000,0.000000,top
"R4","R_0402_1005Metric","R_0402_1005Metric",169.000000,-102.000000,0.000000,top
"R5","R_0805_2012Metric","R_0805_2012Metric",134.000000,-112.000000,90.000000,top
"R9","R_0805_2012Metric","R_0805_2012Metric",169.000000,-47.500000,0.000000,top
"R10","R_0402_1005Metric","R_0402_1005Metric",155.000000,-49.200000,0.000000,top
"R11","R_0805_2012Metric","R_0805_2012Metric",147.500000,-111.500000,0.000000,top
"R12","R_0805_2012Metric","R_0805_2012Metric",72.000000,-111.500000,90.000000,top
"R13","R_0805_2012Metric","R_0805_2012Metric",78.000000,-111.500000,90.000000,top
"R14","R_0805_2012Metric","R_0805_2012Metric",110.000000,-111.500000,90.000000,top
"R15","R_0805_2012Metric","R_0805_2012Metric",114.000000,-111.500000,90.000000,top
"R16","R_0805_2012Metric","R_0805_2012Metric",100.000000,-111.500000,90.000000,top
"U1","LQFP-48_7x7mm_P0.5mm","LQFP-48_7x7mm_P0.5mm",160.000000,-112.000000,0.000000,top
"U2","SOIC-16_3.9x9.9mm_P1.27mm","SOIC-16_3.9x9.9mm_P1.27mm",158.000000,-62.000000,0.000000,top
"U3","SOIC-16_3.9x9.9mm_P1.27mm","SOIC-16_3.9x9.9mm_P1.27mm",158.000000,-78.000000,0.000000,top
"U4","SOIC-16_3.9x9.9mm_P1.27mm","SOIC-16_3.9x9.9mm_P1.27mm",158.000000,-92.000000,0.000000,top
"U5","SOT-23-5","SOT-23-5",169.000000,-53.000000,0.000000,top
